date	commit	benchmark	mutsu_median_s	mutsu_min_s	raku_median_s	ratio_mutsu_over_raku	runs	runner	rakudo
2026-07-12T06:07:21Z	9310510bb38458e902880262a61ac57beb46a0f0	array-ops	0.1303	0.1270	0.2677	0.49	7	4c-x86_64-ubuntu24	Welcome to Rakudoâ„˘ v2022.12.
2026-07-12T06:07:21Z	9310510bb38458e902880262a61ac57beb46a0f0	bench-array	0.0647	0.0642	0.2749	0.24	7	4c-x86_64-ubuntu24	Welcome to Rakudoâ„˘ v2022.12.
2026-07-12T06:07:21Z	9310510bb38458e902880262a61ac57beb46a0f0	bench-class	0.3130	0.3061	0.2882	1.09	7	4c-x86_64-ubuntu24	Welcome to Rakudoâ„˘ v2022.12.
2026-07-12T06:07:21Z	9310510bb38458e902880262a61ac57beb46a0f0	bench-fib	2.2818	2.2507	0.3086	7.39	7	4c-x86_64-ubuntu24	Welcome to Rakudoâ„˘ v2022.12.
2026-07-12T06:07:21Z	9310510bb38458e902880262a61ac57beb46a0f0	bench-hash	0.0472	0.0467	0.2539	0.19	7	4c-x86_64-ubuntu24	Welcome to Rakudoâ„˘ v2022.12.
2026-07-12T06:07:21Z	9310510bb38458e902880262a61ac57beb46a0f0	bench-startup	0.0081	0.0077	0.1389	0.06	7	4c-x86_64-ubuntu24	Welcome to Rakudoâ„˘ v2022.12.
2026-07-12T06:07:21Z	9310510bb38458e902880262a61ac57beb46a0f0	bench-string	0.1036	0.1029	0.2742	0.38	7	4c-x86_64-ubuntu24	Welcome to Rakudoâ„˘ v2022.12.
2026-07-12T06:07:21Z	9310510bb38458e902880262a61ac57beb46a0f0	fib	0.7709	0.7569	0.2532	3.04	7	4c-x86_64-ubuntu24	Welcome to Rakudoâ„˘ v2022.12.
2026-07-12T06:07:21Z	9310510bb38458e902880262a61ac57beb46a0f0	hash-access	0.0432	0.0422	0.2013	0.21	7	4c-x86_64-ubuntu24	Welcome to Rakudoâ„˘ v2022.12.
2026-07-12T06:07:21Z	9310510bb38458e902880262a61ac57beb46a0f0	int-arith	0.1527	0.1491	0.2043	0.75	7	4c-x86_64-ubuntu24	Welcome to Rakudoâ„˘ v2022.12.
2026-07-12T06:07:21Z	9310510bb38458e902880262a61ac57beb46a0f0	method-call	0.3214	0.3158	0.2344	1.37	7	4c-x86_64-ubuntu24	Welcome to Rakudoâ„˘ v2022.12.
2026-07-12T06:07:21Z	9310510bb38458e902880262a61ac57beb46a0f0	string-concat	0.0265	0.0257	0.1762	0.15	7	4c-x86_64-ubuntu24	Welcome to Rakudoâ„˘ v2022.12.
2026-07-12T06:27:06Z	08cd257eadcb58af8cb42da84653a066ca562a81	array-ops	0.0844	0.0821	0.1670	0.51	7	4c-x86_64-ubuntu24	Welcome to Rakudoâ„˘ v2022.12.
2026-07-12T06:27:06Z	08cd257eadcb58af8cb42da84653a066ca562a81	bench-array	0.0475	0.0472	0.1729	0.27	7	4c-x86_64-ubuntu24	Welcome to Rakudoâ„˘ v2022.12.
2026-07-12T06:27:06Z	08cd257eadcb58af8cb42da84653a066ca562a81	bench-class	0.1702	0.1687	0.1862	0.91	7	4c-x86_64-ubuntu24	Welcome to Rakudoâ„˘ v2022.12.
2026-07-12T06:27:06Z	08cd257eadcb58af8cb42da84653a066ca562a81	bench-fib	2.0653	2.0553	0.1970	10.48	7	4c-x86_64-ubuntu24	Welcome to Rakudoâ„˘ v2022.12.
2026-07-12T06:27:06Z	08cd257eadcb58af8cb42da84653a066ca562a81	bench-hash	0.0304	0.0300	0.1629	0.19	7	4c-x86_64-ubuntu24	Welcome to Rakudoâ„˘ v2022.12.
2026-07-12T06:27:06Z	08cd257eadcb58af8cb42da84653a066ca562a81	bench-startup	0.0064	0.0063	0.0912	0.07	7	4c-x86_64-ubuntu24	Welcome to Rakudoâ„˘ v2022.12.
2026-07-12T06:27:06Z	08cd257eadcb58af8cb42da84653a066ca562a81	bench-string	0.0638	0.0635	0.1759	0.36	7	4c-x86_64-ubuntu24	Welcome to Rakudoâ„˘ v2022.12.
2026-07-12T06:27:06Z	08cd257eadcb58af8cb42da84653a066ca562a81	fib	0.7568	0.7521	0.1626	4.65	7	4c-x86_64-ubuntu24	Welcome to Rakudoâ„˘ v2022.12.
2026-07-12T06:27:06Z	08cd257eadcb58af8cb42da84653a066ca562a81	hash-access	0.0280	0.0278	0.1323	0.21	7	4c-x86_64-ubuntu24	Welcome to Rakudoâ„˘ v2022.12.
2026-07-12T06:27:06Z	08cd257eadcb58af8cb42da84653a066ca562a81	int-arith	0.0881	0.0873	0.1338	0.66	7	4c-x86_64-ubuntu24	Welcome to Rakudoâ„˘ v2022.12.
2026-07-12T06:27:06Z	08cd257eadcb58af8cb42da84653a066ca562a81	method-call	0.1657	0.1645	0.1534	1.08	7	4c-x86_64-ubuntu24	Welcome to Rakudoâ„˘ v2022.12.
2026-07-12T06:27:06Z	08cd257eadcb58af8cb42da84653a066ca562a81	string-concat	0.0168	0.0166	0.1201	0.14	7	4c-x86_64-ubuntu24	Welcome to Rakudoâ„˘ v2022.12.
2026-07-12T06:42:13Z	cb65a59dc72e67eb4893588c6c332cd0d772ea3d	array-ops	0.1284	0.1270	0.2543	0.50	7	4c-x86_64-ubuntu24	Welcome to Rakudoâ„˘ v2022.12.
2026-07-12T06:42:13Z	cb65a59dc72e67eb4893588c6c332cd0d772ea3d	bench-array	0.0680	0.0674	0.2737	0.25	7	4c-x86_64-ubuntu24	Welcome to Rakudoâ„˘ v2022.12.
2026-07-12T06:42:13Z	cb65a59dc72e67eb4893588c6c332cd0d772ea3d	bench-class	0.2796	0.2765	0.3001	0.93	7	4c-x86_64-ubuntu24	Welcome to Rakudoâ„˘ v2022.12.
2026-07-12T06:42:13Z	cb65a59dc72e67eb4893588c6c332cd0d772ea3d	bench-fib	2.3477	2.3389	0.3149	7.46	7	4c-x86_64-ubuntu24	Welcome to Rakudoâ„˘ v2022.12.
2026-07-12T06:42:13Z	cb65a59dc72e67eb4893588c6c332cd0d772ea3d	bench-hash	0.0462	0.0460	0.2591	0.18	7	4c-x86_64-ubuntu24	Welcome to Rakudoâ„˘ v2022.12.
2026-07-12T06:42:13Z	cb65a59dc72e67eb4893588c6c332cd0d772ea3d	bench-startup	0.0087	0.0085	0.1425	0.06	7	4c-x86_64-ubuntu24	Welcome to Rakudoâ„˘ v2022.12.
2026-07-12T06:42:13Z	cb65a59dc72e67eb4893588c6c332cd0d772ea3d	bench-string	0.1010	0.1006	0.2821	0.36	7	4c-x86_64-ubuntu24	Welcome to Rakudoâ„˘ v2022.12.
2026-07-12T06:42:13Z	cb65a59dc72e67eb4893588c6c332cd0d772ea3d	fib	0.7947	0.7816	0.2562	3.10	7	4c-x86_64-ubuntu24	Welcome to Rakudoâ„˘ v2022.12.
2026-07-12T06:42:13Z	cb65a59dc72e67eb4893588c6c332cd0d772ea3d	hash-access	0.0428	0.0424	0.2065	0.21	7	4c-x86_64-ubuntu24	Welcome to Rakudoâ„˘ v2022.12.
2026-07-12T06:42:13Z	cb65a59dc72e67eb4893588c6c332cd0d772ea3d	int-arith	0.1455	0.1435	0.2126	0.68	7	4c-x86_64-ubuntu24	Welcome to Rakudoâ„˘ v2022.12.
2026-07-12T06:42:13Z	cb65a59dc72e67eb4893588c6c332cd0d772ea3d	method-call	0.2739	0.2709	0.2363	1.16	7	4c-x86_64-ubuntu24	Welcome to Rakudoâ„˘ v2022.12.
2026-07-12T06:42:13Z	cb65a59dc72e67eb4893588c6c332cd0d772ea3d	string-concat	0.0256	0.0254	0.1809	0.14	7	4c-x86_64-ubuntu24	Welcome to Rakudoâ„˘ v2022.12.
2026-07-12T07:06:54Z	5ee487a780707ddea207934db5161d5a0b102d86	array-ops	0.1278	0.1249	0.2658	0.48	7	4c-x86_64-ubuntu24	Welcome to Rakudoâ„˘ v2022.12.
2026-07-12T07:06:54Z	5ee487a780707ddea207934db5161d5a0b102d86	bench-array	0.0638	0.0635	0.2721	0.23	7	4c-x86_64-ubuntu24	Welcome to Rakudoâ„˘ v2022.12.
2026-07-12T07:06:54Z	5ee487a780707ddea207934db5161d5a0b102d86	bench-class	0.3066	0.3040	0.2904	1.06	7	4c-x86_64-ubuntu24	Welcome to Rakudoâ„˘ v2022.12.
2026-07-12T07:06:54Z	5ee487a780707ddea207934db5161d5a0b102d86	bench-fib	2.2207	2.2048	0.3075	7.22	7	4c-x86_64-ubuntu24	Welcome to Rakudoâ„˘ v2022.12.
2026-07-12T07:06:54Z	5ee487a780707ddea207934db5161d5a0b102d86	bench-hash	0.0481	0.0465	0.2593	0.19	7	4c-x86_64-ubuntu24	Welcome to Rakudoâ„˘ v2022.12.
2026-07-12T07:06:54Z	5ee487a780707ddea207934db5161d5a0b102d86	bench-startup	0.0082	0.0078	0.1394	0.06	7	4c-x86_64-ubuntu24	Welcome to Rakudoâ„˘ v2022.12.
2026-07-12T07:06:54Z	5ee487a780707ddea207934db5161d5a0b102d86	bench-string	0.1031	0.1022	0.2846	0.36	7	4c-x86_64-ubuntu24	Welcome to Rakudoâ„˘ v2022.12.
2026-07-12T07:06:54Z	5ee487a780707ddea207934db5161d5a0b102d86	fib	0.7635	0.7543	0.2617	2.92	7	4c-x86_64-ubuntu24	Welcome to Rakudoâ„˘ v2022.12.
2026-07-12T07:06:54Z	5ee487a780707ddea207934db5161d5a0b102d86	hash-access	0.0441	0.0432	0.2068	0.21	7	4c-x86_64-ubuntu24	Welcome to Rakudoâ„˘ v2022.12.
2026-07-12T07:06:54Z	5ee487a780707ddea207934db5161d5a0b102d86	int-arith	0.1490	0.1456	0.2161	0.69	7	4c-x86_64-ubuntu24	Welcome to Rakudoâ„˘ v2022.12.
2026-07-12T07:06:54Z	5ee487a780707ddea207934db5161d5a0b102d86	method-call	0.3209	0.3170	0.2605	1.23	7	4c-x86_64-ubuntu24	Welcome to Rakudoâ„˘ v2022.12.
2026-07-12T07:06:54Z	5ee487a780707ddea207934db5161d5a0b102d86	string-concat	0.0266	0.0262	0.1780	0.15	7	4c-x86_64-ubuntu24	Welcome to Rakudoâ„˘ v2022.12.
2026-07-12T07:13:13Z	6615dbc4574973553c9c38f718e0683d8f8bc491	array-ops	0.1308	0.1284	0.2997	0.44	7	4c-x86_64-ubuntu24	Welcome to Rakudoâ„˘ v2022.12.
2026-07-12T07:13:13Z	6615dbc4574973553c9c38f718e0683d8f8bc491	bench-array	0.0672	0.0667	0.2976	0.23	7	4c-x86_64-ubuntu24	Welcome to Rakudoâ„˘ v2022.12.
2026-07-12T07:13:13Z	6615dbc4574973553c9c38f718e0683d8f8bc491	bench-class	0.3245	0.3176	0.3357	0.97	7	4c-x86_64-ubuntu24	Welcome to Rakudoâ„˘ v2022.12.
2026-07-12T07:13:13Z	6615dbc4574973553c9c38f718e0683d8f8bc491	bench-fib	2.2847	2.2688	0.3336	6.85	7	4c-x86_64-ubuntu24	Welcome to Rakudoâ„˘ v2022.12.
2026-07-12T07:13:13Z	6615dbc4574973553c9c38f718e0683d8f8bc491	bench-hash	0.0518	0.0505	0.2919	0.18	7	4c-x86_64-ubuntu24	Welcome to Rakudoâ„˘ v2022.12.
2026-07-12T07:13:13Z	6615dbc4574973553c9c38f718e0683d8f8bc491	bench-startup	0.0097	0.0091	0.1520	0.06	7	4c-x86_64-ubuntu24	Welcome to Rakudoâ„˘ v2022.12.
2026-07-12T07:13:13Z	6615dbc4574973553c9c38f718e0683d8f8bc491	bench-string	0.1087	0.1077	0.3199	0.34	7	4c-x86_64-ubuntu24	Welcome to Rakudoâ„˘ v2022.12.
2026-07-12T07:13:13Z	6615dbc4574973553c9c38f718e0683d8f8bc491	fib	0.7727	0.7671	0.2739	2.82	7	4c-x86_64-ubuntu24	Welcome to Rakudoâ„˘ v2022.12.
2026-07-12T07:13:13Z	6615dbc4574973553c9c38f718e0683d8f8bc491	hash-access	0.0456	0.0447	0.2176	0.21	7	4c-x86_64-ubuntu24	Welcome to Rakudoâ„˘ v2022.12.
2026-07-12T07:13:13Z	6615dbc4574973553c9c38f718e0683d8f8bc491	int-arith	0.1533	0.1501	0.2258	0.68	7	4c-x86_64-ubuntu24	Welcome to Rakudoâ„˘ v2022.12.
2026-07-12T07:13:13Z	6615dbc4574973553c9c38f718e0683d8f8bc491	method-call	0.3330	0.3271	0.2648	1.26	7	4c-x86_64-ubuntu24	Welcome to Rakudoâ„˘ v2022.12.
2026-07-12T07:13:13Z	6615dbc4574973553c9c38f718e0683d8f8bc491	string-concat	0.0278	0.0276	0.1968	0.14	7	4c-x86_64-ubuntu24	Welcome to Rakudoâ„˘ v2022.12.
2026-07-12T07:30:51Z	a74c1756e5f0b3651508e9c0db4ec7bc96d26ec9	array-ops	0.1307	0.1278	0.2791	0.47	7	4c-x86_64-ubuntu24	Welcome to Rakudoâ„˘ v2022.12.
2026-07-12T07:30:51Z	a74c1756e5f0b3651508e9c0db4ec7bc96d26ec9	bench-array	0.0653	0.0645	0.2954	0.22	7	4c-x86_64-ubuntu24	Welcome to Rakudoâ„˘ v2022.12.
2026-07-12T07:30:51Z	a74c1756e5f0b3651508e9c0db4ec7bc96d26ec9	bench-class	0.3161	0.3074	0.3162	1.00	7	4c-x86_64-ubuntu24	Welcome to Rakudoâ„˘ v2022.12.
2026-07-12T07:30:51Z	a74c1756e5f0b3651508e9c0db4ec7bc96d26ec9	bench-fib	2.2624	2.2487	0.3190	7.09	7	4c-x86_64-ubuntu24	Welcome to Rakudoâ„˘ v2022.12.
2026-07-12T07:30:51Z	a74c1756e5f0b3651508e9c0db4ec7bc96d26ec9	bench-hash	0.0478	0.0474	0.2726	0.18	7	4c-x86_64-ubuntu24	Welcome to Rakudoâ„˘ v2022.12.
2026-07-12T07:30:51Z	a74c1756e5f0b3651508e9c0db4ec7bc96d26ec9	bench-startup	0.0087	0.0085	0.1439	0.06	7	4c-x86_64-ubuntu24	Welcome to Rakudoâ„˘ v2022.12.
2026-07-12T07:30:51Z	a74c1756e5f0b3651508e9c0db4ec7bc96d26ec9	bench-string	0.1037	0.1029	0.2960	0.35	7	4c-x86_64-ubuntu24	Welcome to Rakudoâ„˘ v2022.12.
2026-07-12T07:30:51Z	a74c1756e5f0b3651508e9c0db4ec7bc96d26ec9	fib	0.7632	0.7593	0.2651	2.88	7	4c-x86_64-ubuntu24	Welcome to Rakudoâ„˘ v2022.12.
2026-07-12T07:30:51Z	a74c1756e5f0b3651508e9c0db4ec7bc96d26ec9	hash-access	0.0441	0.0435	0.2128	0.21	7	4c-x86_64-ubuntu24	Welcome to Rakudoâ„˘ v2022.12.
2026-07-12T07:30:51Z	a74c1756e5f0b3651508e9c0db4ec7bc96d26ec9	int-arith	0.1499	0.1466	0.2156	0.70	7	4c-x86_64-ubuntu24	Welcome to Rakudoâ„˘ v2022.12.
2026-07-12T07:30:51Z	a74c1756e5f0b3651508e9c0db4ec7bc96d26ec9	method-call	0.3196	0.3128	0.2480	1.29	7	4c-x86_64-ubuntu24	Welcome to Rakudoâ„˘ v2022.12.
2026-07-12T07:30:51Z	a74c1756e5f0b3651508e9c0db4ec7bc96d26ec9	string-concat	0.0266	0.0263	0.1850	0.14	7	4c-x86_64-ubuntu24	Welcome to Rakudoâ„˘ v2022.12.
2026-07-12T07:46:58Z	f7daa29607f4c1a270439402aa4f9a406c7c39d6	array-ops	0.1275	0.1250	0.2818	0.45	7	4c-x86_64-ubuntu24	Welcome to Rakudoâ„˘ v2022.12.
2026-07-12T07:46:58Z	f7daa29607f4c1a270439402aa4f9a406c7c39d6	bench-array	0.0655	0.0652	0.3020	0.22	7	4c-x86_64-ubuntu24	Welcome to Rakudoâ„˘ v2022.12.
2026-07-12T07:46:58Z	f7daa29607f4c1a270439402aa4f9a406c7c39d6	bench-class	0.3175	0.3165	0.2985	1.06	7	4c-x86_64-ubuntu24	Welcome to Rakudoâ„˘ v2022.12.
2026-07-12T07:46:58Z	f7daa29607f4c1a270439402aa4f9a406c7c39d6	bench-fib	2.2734	2.2629	0.3236	7.03	7	4c-x86_64-ubuntu24	Welcome to Rakudoâ„˘ v2022.12.
2026-07-12T07:46:58Z	f7daa29607f4c1a270439402aa4f9a406c7c39d6	bench-hash	0.0493	0.0483	0.2713	0.18	7	4c-x86_64-ubuntu24	Welcome to Rakudoâ„˘ v2022.12.
2026-07-12T07:46:58Z	f7daa29607f4c1a270439402aa4f9a406c7c39d6	bench-startup	0.0086	0.0084	0.1459	0.06	7	4c-x86_64-ubuntu24	Welcome to Rakudoâ„˘ v2022.12.
2026-07-12T07:46:58Z	f7daa29607f4c1a270439402aa4f9a406c7c39d6	bench-string	0.1056	0.1044	0.2977	0.35	7	4c-x86_64-ubuntu24	Welcome to Rakudoâ„˘ v2022.12.
2026-07-12T07:46:58Z	f7daa29607f4c1a270439402aa4f9a406c7c39d6	fib	0.7719	0.7603	0.2657	2.91	7	4c-x86_64-ubuntu24	Welcome to Rakudoâ„˘ v2022.12.
2026-07-12T07:46:58Z	f7daa29607f4c1a270439402aa4f9a406c7c39d6	hash-access	0.0445	0.0439	0.2122	0.21	7	4c-x86_64-ubuntu24	Welcome to Rakudoâ„˘ v2022.12.
2026-07-12T07:46:58Z	f7daa29607f4c1a270439402aa4f9a406c7c39d6	int-arith	0.1520	0.1510	0.2161	0.70	7	4c-x86_64-ubuntu24	Welcome to Rakudoâ„˘ v2022.12.
2026-07-12T07:46:58Z	f7daa29607f4c1a270439402aa4f9a406c7c39d6	method-call	0.3237	0.3181	0.2499	1.30	7	4c-x86_64-ubuntu24	Welcome to Rakudoâ„˘ v2022.12.
2026-07-12T07:46:58Z	f7daa29607f4c1a270439402aa4f9a406c7c39d6	string-concat	0.0267	0.0265	0.1826	0.15	7	4c-x86_64-ubuntu24	Welcome to Rakudoâ„˘ v2022.12.
2026-07-12T08:29:36Z	a6a1252e95b1bdb9e3520c311dad6f87d19ca2bd	array-ops	0.1286	0.1221	0.2738	0.47	7	4c-x86_64-ubuntu24	Welcome to Rakudoâ„˘ v2022.12.
2026-07-12T08:29:36Z	a6a1252e95b1bdb9e3520c311dad6f87d19ca2bd	bench-array	0.0647	0.0644	0.2889	0.22	7	4c-x86_64-ubuntu24	Welcome to Rakudoâ„˘ v2022.12.
2026-07-12T08:29:36Z	a6a1252e95b1bdb9e3520c311dad6f87d19ca2bd	bench-class	0.3144	0.3121	0.3067	1.03	7	4c-x86_64-ubuntu24	Welcome to Rakudoâ„˘ v2022.12.
2026-07-12T08:29:36Z	a6a1252e95b1bdb9e3520c311dad6f87d19ca2bd	bench-fib	0.8905	0.8762	0.3148	2.83	7	4c-x86_64-ubuntu24	Welcome to Rakudoâ„˘ v2022.12.
2026-07-12T08:29:36Z	a6a1252e95b1bdb9e3520c311dad6f87d19ca2bd	bench-hash	0.0476	0.0467	0.2648	0.18	7	4c-x86_64-ubuntu24	Welcome to Rakudoâ„˘ v2022.12.
2026-07-12T08:29:36Z	a6a1252e95b1bdb9e3520c311dad6f87d19ca2bd	bench-startup	0.0083	0.0079	0.1456	0.06	7	4c-x86_64-ubuntu24	Welcome to Rakudoâ„˘ v2022.12.
2026-07-12T08:29:36Z	a6a1252e95b1bdb9e3520c311dad6f87d19ca2bd	bench-string	0.1067	0.1049	0.2954	0.36	7	4c-x86_64-ubuntu24	Welcome to Rakudoâ„˘ v2022.12.
2026-07-12T08:29:36Z	a6a1252e95b1bdb9e3520c311dad6f87d19ca2bd	fib	0.2554	0.2542	0.2598	0.98	7	4c-x86_64-ubuntu24	Welcome to Rakudoâ„˘ v2022.12.
2026-07-12T08:29:36Z	a6a1252e95b1bdb9e3520c311dad6f87d19ca2bd	hash-access	0.0434	0.0429	0.2042	0.21	7	4c-x86_64-ubuntu24	Welcome to Rakudoâ„˘ v2022.12.
2026-07-12T08:29:36Z	a6a1252e95b1bdb9e3520c311dad6f87d19ca2bd	int-arith	0.1461	0.1431	0.2084	0.70	7	4c-x86_64-ubuntu24	Welcome to Rakudoâ„˘ v2022.12.
2026-07-12T08:29:36Z	a6a1252e95b1bdb9e3520c311dad6f87d19ca2bd	method-call	0.3238	0.3162	0.2391	1.35	7	4c-x86_64-ubuntu24	Welcome to Rakudoâ„˘ v2022.12.
2026-07-12T08:29:36Z	a6a1252e95b1bdb9e3520c311dad6f87d19ca2bd	string-concat	0.0266	0.0265	0.1771	0.15	7	4c-x86_64-ubuntu24	Welcome to Rakudoâ„˘ v2022.12.
2026-07-12T08:50:05Z	3a9743703297549898671d00f8971d38e902d6a8	array-ops	0.1285	0.1266	0.2703	0.48	7	4c-x86_64-ubuntu24	Welcome to Rakudoâ„˘ v2022.12.
2026-07-12T08:50:05Z	3a9743703297549898671d00f8971d38e902d6a8	bench-array	0.0665	0.0658	0.2930	0.23	7	4c-x86_64-ubuntu24	Welcome to Rakudoâ„˘ v2022.12.
2026-07-12T08:50:05Z	3a9743703297549898671d00f8971d38e902d6a8	bench-class	0.2769	0.2748	0.3169	0.87	7	4c-x86_64-ubuntu24	Welcome to Rakudoâ„˘ v2022.12.
2026-07-12T08:50:05Z	3a9743703297549898671d00f8971d38e902d6a8	bench-fib	0.9071	0.8933	0.3297	2.75	7	4c-x86_64-ubuntu24	Welcome to Rakudoâ„˘ v2022.12.
2026-07-12T08:50:05Z	3a9743703297549898671d00f8971d38e902d6a8	bench-hash	0.0475	0.0472	0.2819	0.17	7	4c-x86_64-ubuntu24	Welcome to Rakudoâ„˘ v2022.12.
2026-07-12T08:50:05Z	3a9743703297549898671d00f8971d38e902d6a8	bench-startup	0.0092	0.0089	0.1501	0.06	7	4c-x86_64-ubuntu24	Welcome to Rakudoâ„˘ v2022.12.
2026-07-12T08:50:05Z	3a9743703297549898671d00f8971d38e902d6a8	bench-string	0.1057	0.1040	0.3107	0.34	7	4c-x86_64-ubuntu24	Welcome to Rakudoâ„˘ v2022.12.
2026-07-12T08:50:05Z	3a9743703297549898671d00f8971d38e902d6a8	fib	0.2552	0.2521	0.2682	0.95	7	4c-x86_64-ubuntu24	Welcome to Rakudoâ„˘ v2022.12.
2026-07-12T08:50:05Z	3a9743703297549898671d00f8971d38e902d6a8	hash-access	0.0434	0.0431	0.2209	0.20	7	4c-x86_64-ubuntu24	Welcome to Rakudoâ„˘ v2022.12.
2026-07-12T08:50:05Z	3a9743703297549898671d00f8971d38e902d6a8	int-arith	0.1410	0.1402	0.2281	0.62	7	4c-x86_64-ubuntu24	Welcome to Rakudoâ„˘ v2022.12.
2026-07-12T08:50:05Z	3a9743703297549898671d00f8971d38e902d6a8	method-call	0.2708	0.2687	0.2622	1.03	7	4c-x86_64-ubuntu24	Welcome to Rakudoâ„˘ v2022.12.
2026-07-12T08:50:05Z	3a9743703297549898671d00f8971d38e902d6a8	string-concat	0.0261	0.0259	0.1923	0.14	7	4c-x86_64-ubuntu24	Welcome to Rakudoâ„˘ v2022.12.
2026-07-12T09:26:23Z	4a4f0ee73b4fb78f3bfb895fe3ca446f297882e3	array-ops	0.1235	0.1224	0.2696	0.46	7	4c-x86_64-ubuntu24	Welcome to Rakudoâ„˘ v2022.12.
2026-07-12T09:26:23Z	4a4f0ee73b4fb78f3bfb895fe3ca446f297882e3	bench-array	0.0647	0.0624	0.2760	0.23	7	4c-x86_64-ubuntu24	Welcome to Rakudoâ„˘ v2022.12.
2026-07-12T09:26:23Z	4a4f0ee73b4fb78f3bfb895fe3ca446f297882e3	bench-class	0.3012	0.2949	0.2934	1.03	7	4c-x86_64-ubuntu24	Welcome to Rakudoâ„˘ v2022.12.
2026-07-12T09:26:23Z	4a4f0ee73b4fb78f3bfb895fe3ca446f297882e3	bench-fib	0.6105	0.6023	0.3106	1.97	7	4c-x86_64-ubuntu24	Welcome to Rakudoâ„˘ v2022.12.
2026-07-12T09:26:23Z	4a4f0ee73b4fb78f3bfb895fe3ca446f297882e3	bench-hash	0.0455	0.0453	0.2552	0.18	7	4c-x86_64-ubuntu24	Welcome to Rakudoâ„˘ v2022.12.
2026-07-12T09:26:23Z	4a4f0ee73b4fb78f3bfb895fe3ca446f297882e3	bench-startup	0.0079	0.0077	0.1395	0.06	7	4c-x86_64-ubuntu24	Welcome to Rakudoâ„˘ v2022.12.
2026-07-12T09:26:23Z	4a4f0ee73b4fb78f3bfb895fe3ca446f297882e3	bench-string	0.1017	0.1003	0.2762	0.37	7	4c-x86_64-ubuntu24	Welcome to Rakudoâ„˘ v2022.12.
2026-07-12T09:26:23Z	4a4f0ee73b4fb78f3bfb895fe3ca446f297882e3	fib	0.2292	0.2254	0.2538	0.90	7	4c-x86_64-ubuntu24	Welcome to Rakudoâ„˘ v2022.12.
2026-07-12T09:26:23Z	4a4f0ee73b4fb78f3bfb895fe3ca446f297882e3	hash-access	0.0413	0.0408	0.1986	0.21	7	4c-x86_64-ubuntu24	Welcome to Rakudoâ„˘ v2022.12.
2026-07-12T09:26:23Z	4a4f0ee73b4fb78f3bfb895fe3ca446f297882e3	int-arith	0.1417	0.1389	0.2013	0.70	7	4c-x86_64-ubuntu24	Welcome to Rakudoâ„˘ v2022.12.
2026-07-12T09:26:23Z	4a4f0ee73b4fb78f3bfb895fe3ca446f297882e3	method-call	0.3024	0.2958	0.2362	1.28	7	4c-x86_64-ubuntu24	Welcome to Rakudoâ„˘ v2022.12.
2026-07-12T09:26:23Z	4a4f0ee73b4fb78f3bfb895fe3ca446f297882e3	string-concat	0.0249	0.0244	0.1761	0.14	7	4c-x86_64-ubuntu24	Welcome to Rakudoâ„˘ v2022.12.
2026-07-12T10:15:09Z	9471e5620e1aaf8565105fa82fd354ddb8cb9cb6	array-ops	0.1332	0.1301	0.2782	0.48	7	4c-x86_64-ubuntu24	Welcome to Rakudoâ„˘ v2022.12.
2026-07-12T10:15:09Z	9471e5620e1aaf8565105fa82fd354ddb8cb9cb6	bench-array	0.0641	0.0638	0.2874	0.22	7	4c-x86_64-ubuntu24	Welcome to Rakudoâ„˘ v2022.12.
2026-07-12T10:15:09Z	9471e5620e1aaf8565105fa82fd354ddb8cb9cb6	bench-class	0.3111	0.3083	0.3150	0.99	7	4c-x86_64-ubuntu24	Welcome to Rakudoâ„˘ v2022.12.
2026-07-12T10:15:09Z	9471e5620e1aaf8565105fa82fd354ddb8cb9cb6	bench-fib	0.6107	0.6068	0.3210	1.90	7	4c-x86_64-ubuntu24	Welcome to Rakudoâ„˘ v2022.12.
2026-07-12T10:15:09Z	9471e5620e1aaf8565105fa82fd354ddb8cb9cb6	bench-hash	0.0495	0.0477	0.2698	0.18	7	4c-x86_64-ubuntu24	Welcome to Rakudoâ„˘ v2022.12.
2026-07-12T10:15:09Z	9471e5620e1aaf8565105fa82fd354ddb8cb9cb6	bench-startup	0.0086	0.0086	0.1442	0.06	7	4c-x86_64-ubuntu24	Welcome to Rakudoâ„˘ v2022.12.
2026-07-12T10:15:09Z	9471e5620e1aaf8565105fa82fd354ddb8cb9cb6	bench-string	0.1052	0.1043	0.2977	0.35	7	4c-x86_64-ubuntu24	Welcome to Rakudoâ„˘ v2022.12.
2026-07-12T10:15:09Z	9471e5620e1aaf8565105fa82fd354ddb8cb9cb6	fib	0.2296	0.2283	0.2672	0.86	7	4c-x86_64-ubuntu24	Welcome to Rakudoâ„˘ v2022.12.
2026-07-12T10:15:09Z	9471e5620e1aaf8565105fa82fd354ddb8cb9cb6	hash-access	0.0439	0.0434	0.2116	0.21	7	4c-x86_64-ubuntu24	Welcome to Rakudoâ„˘ v2022.12.
2026-07-12T10:15:09Z	9471e5620e1aaf8565105fa82fd354ddb8cb9cb6	int-arith	0.1532	0.1511	0.2210	0.69	7	4c-x86_64-ubuntu24	Welcome to Rakudoâ„˘ v2022.12.
2026-07-12T10:15:09Z	9471e5620e1aaf8565105fa82fd354ddb8cb9cb6	method-call	0.3227	0.3189	0.2536	1.27	7	4c-x86_64-ubuntu24	Welcome to Rakudoâ„˘ v2022.12.
2026-07-12T10:15:09Z	9471e5620e1aaf8565105fa82fd354ddb8cb9cb6	string-concat	0.0271	0.0268	0.1861	0.15	7	4c-x86_64-ubuntu24	Welcome to Rakudoâ„˘ v2022.12.
2026-07-12T10:20:45Z	b0c67cdf53079eaec1b49737b4b09be87325b297	array-ops	0.1310	0.1254	0.2637	0.50	7	4c-x86_64-ubuntu24	Welcome to Rakudoâ„˘ v2022.12.
2026-07-12T10:20:45Z	b0c67cdf53079eaec1b49737b4b09be87325b297	bench-array	0.0637	0.0617	0.2808	0.23	7	4c-x86_64-ubuntu24	Welcome to Rakudoâ„˘ v2022.12.
2026-07-12T10:20:45Z	b0c67cdf53079eaec1b49737b4b09be87325b297	bench-class	0.3001	0.2921	0.2980	1.01	7	4c-x86_64-ubuntu24	Welcome to Rakudoâ„˘ v2022.12.
2026-07-12T10:20:45Z	b0c67cdf53079eaec1b49737b4b09be87325b297	bench-fib	0.5991	0.5892	0.3083	1.94	7	4c-x86_64-ubuntu24	Welcome to Rakudoâ„˘ v2022.12.
2026-07-12T10:20:45Z	b0c67cdf53079eaec1b49737b4b09be87325b297	bench-hash	0.0444	0.0439	0.2525	0.18	7	4c-x86_64-ubuntu24	Welcome to Rakudoâ„˘ v2022.12.
2026-07-12T10:20:45Z	b0c67cdf53079eaec1b49737b4b09be87325b297	bench-startup	0.0080	0.0078	0.1376	0.06	7	4c-x86_64-ubuntu24	Welcome to Rakudoâ„˘ v2022.12.
2026-07-12T10:20:45Z	b0c67cdf53079eaec1b49737b4b09be87325b297	bench-string	0.1004	0.0990	0.2804	0.36	7	4c-x86_64-ubuntu24	Welcome to Rakudoâ„˘ v2022.12.
2026-07-12T10:20:45Z	b0c67cdf53079eaec1b49737b4b09be87325b297	fib	0.2209	0.2162	0.2547	0.87	7	4c-x86_64-ubuntu24	Welcome to Rakudoâ„˘ v2022.12.
2026-07-12T10:20:45Z	b0c67cdf53079eaec1b49737b4b09be87325b297	hash-access	0.0414	0.0410	0.1959	0.21	7	4c-x86_64-ubuntu24	Welcome to Rakudoâ„˘ v2022.12.
2026-07-12T10:20:45Z	b0c67cdf53079eaec1b49737b4b09be87325b297	int-arith	0.1430	0.1404	0.2006	0.71	7	4c-x86_64-ubuntu24	Welcome to Rakudoâ„˘ v2022.12.
2026-07-12T10:20:45Z	b0c67cdf53079eaec1b49737b4b09be87325b297	method-call	0.3075	0.3013	0.2325	1.32	7	4c-x86_64-ubuntu24	Welcome to Rakudoâ„˘ v2022.12.
2026-07-12T10:20:45Z	b0c67cdf53079eaec1b49737b4b09be87325b297	string-concat	0.0249	0.0247	0.1752	0.14	7	4c-x86_64-ubuntu24	Welcome to Rakudoâ„˘ v2022.12.
2026-07-12T10:28:06Z	085e4be2052efe64be9031b6877a924774b9511f	array-ops	0.1193	0.1122	0.2280	0.52	7	4c-x86_64-ubuntu24	Welcome to Rakudoâ„˘ v2022.12.
2026-07-12T10:28:06Z	085e4be2052efe64be9031b6877a924774b9511f	bench-array	0.0618	0.0582	0.2557	0.24	7	4c-x86_64-ubuntu24	Welcome to Rakudoâ„˘ v2022.12.
2026-07-12T10:28:06Z	085e4be2052efe64be9031b6877a924774b9511f	bench-class	0.2412	0.2368	0.2678	0.90	7	4c-x86_64-ubuntu24	Welcome to Rakudoâ„˘ v2022.12.
2026-07-12T10:28:06Z	085e4be2052efe64be9031b6877a924774b9511f	bench-fib	0.5003	0.4931	0.2749	1.82	7	4c-x86_64-ubuntu24	Welcome to Rakudoâ„˘ v2022.12.
2026-07-12T10:28:06Z	085e4be2052efe64be9031b6877a924774b9511f	bench-hash	0.0383	0.0377	0.2271	0.17	7	4c-x86_64-ubuntu24	Welcome to Rakudoâ„˘ v2022.12.
2026-07-12T10:28:06Z	085e4be2052efe64be9031b6877a924774b9511f	bench-startup	0.0066	0.0062	0.1227	0.05	7	4c-x86_64-ubuntu24	Welcome to Rakudoâ„˘ v2022.12.
2026-07-12T10:28:06Z	085e4be2052efe64be9031b6877a924774b9511f	bench-string	0.0848	0.0825	0.2511	0.34	7	4c-x86_64-ubuntu24	Welcome to Rakudoâ„˘ v2022.12.
2026-07-12T10:28:06Z	085e4be2052efe64be9031b6877a924774b9511f	fib	0.1865	0.1839	0.2217	0.84	7	4c-x86_64-ubuntu24	Welcome to Rakudoâ„˘ v2022.12.
2026-07-12T10:28:06Z	085e4be2052efe64be9031b6877a924774b9511f	hash-access	0.0363	0.0351	0.1821	0.20	7	4c-x86_64-ubuntu24	Welcome to Rakudoâ„˘ v2022.12.
2026-07-12T10:28:06Z	085e4be2052efe64be9031b6877a924774b9511f	int-arith	0.1176	0.1169	0.1874	0.63	7	4c-x86_64-ubuntu24	Welcome to Rakudoâ„˘ v2022.12.
2026-07-12T10:28:06Z	085e4be2052efe64be9031b6877a924774b9511f	method-call	0.2413	0.2389	0.2153	1.12	7	4c-x86_64-ubuntu24	Welcome to Rakudoâ„˘ v2022.12.
2026-07-12T10:28:06Z	085e4be2052efe64be9031b6877a924774b9511f	string-concat	0.0200	0.0194	0.1528	0.13	7	4c-x86_64-ubuntu24	Welcome to Rakudoâ„˘ v2022.12.
2026-07-12T10:59:53Z	bc61435e5c139d300371e9d5eb16820a52dcbf90	array-ops	0.1061	0.1047	0.2701	0.39	7	4c-x86_64-ubuntu24	Welcome to Rakudoâ„˘ v2022.12.
2026-07-12T10:59:53Z	bc61435e5c139d300371e9d5eb16820a52dcbf90	bench-array	0.0545	0.0535	0.2797	0.19	7	4c-x86_64-ubuntu24	Welcome to Rakudoâ„˘ v2022.12.
2026-07-12T10:59:53Z	bc61435e5c139d300371e9d5eb16820a52dcbf90	bench-class	0.2981	0.2911	0.3034	0.98	7	4c-x86_64-ubuntu24	Welcome to Rakudoâ„˘ v2022.12.
2026-07-12T10:59:53Z	bc61435e5c139d300371e9d5eb16820a52dcbf90	bench-fib	0.5700	0.5613	0.3144	1.81	7	4c-x86_64-ubuntu24	Welcome to Rakudoâ„˘ v2022.12.
2026-07-12T10:59:53Z	bc61435e5c139d300371e9d5eb16820a52dcbf90	bench-hash	0.0454	0.0438	0.2607	0.17	7	4c-x86_64-ubuntu24	Welcome to Rakudoâ„˘ v2022.12.
2026-07-12T10:59:53Z	bc61435e5c139d300371e9d5eb16820a52dcbf90	bench-startup	0.0080	0.0079	0.1411	0.06	7	4c-x86_64-ubuntu24	Welcome to Rakudoâ„˘ v2022.12.
2026-07-12T10:59:53Z	bc61435e5c139d300371e9d5eb16820a52dcbf90	bench-string	0.1019	0.1003	0.2862	0.36	7	4c-x86_64-ubuntu24	Welcome to Rakudoâ„˘ v2022.12.
2026-07-12T10:59:53Z	bc61435e5c139d300371e9d5eb16820a52dcbf90	fib	0.2087	0.2059	0.2604	0.80	7	4c-x86_64-ubuntu24	Welcome to Rakudoâ„˘ v2022.12.
2026-07-12T10:59:53Z	bc61435e5c139d300371e9d5eb16820a52dcbf90	hash-access	0.0398	0.0380	0.2036	0.20	7	4c-x86_64-ubuntu24	Welcome to Rakudoâ„˘ v2022.12.
2026-07-12T10:59:53Z	bc61435e5c139d300371e9d5eb16820a52dcbf90	int-arith	0.1340	0.1325	0.2097	0.64	7	4c-x86_64-ubuntu24	Welcome to Rakudoâ„˘ v2022.12.
2026-07-12T10:59:53Z	bc61435e5c139d300371e9d5eb16820a52dcbf90	method-call	0.2919	0.2877	0.2444	1.19	7	4c-x86_64-ubuntu24	Welcome to Rakudoâ„˘ v2022.12.
2026-07-12T10:59:53Z	bc61435e5c139d300371e9d5eb16820a52dcbf90	string-concat	0.0262	0.0254	0.1807	0.14	7	4c-x86_64-ubuntu24	Welcome to Rakudoâ„˘ v2022.12.
2026-07-12T11:13:56Z	be2320571c93d6a703edd78c1a54084ca8880ff5	array-ops	0.0951	0.0936	0.2619	0.36	7	4c-x86_64-ubuntu24	Welcome to Rakudoâ„˘ v2022.12.
2026-07-12T11:13:56Z	be2320571c93d6a703edd78c1a54084ca8880ff5	bench-array	0.0543	0.0539	0.2840	0.19	7	4c-x86_64-ubuntu24	Welcome to Rakudoâ„˘ v2022.12.
2026-07-12T11:13:56Z	be2320571c93d6a703edd78c1a54084ca8880ff5	bench-class	0.2721	0.2695	0.2967	0.92	7	4c-x86_64-ubuntu24	Welcome to Rakudoâ„˘ v2022.12.
2026-07-12T11:13:56Z	be2320571c93d6a703edd78c1a54084ca8880ff5	bench-fib	0.5152	0.5111	0.3183	1.62	7	4c-x86_64-ubuntu24	Welcome to Rakudoâ„˘ v2022.12.
2026-07-12T11:13:56Z	be2320571c93d6a703edd78c1a54084ca8880ff5	bench-hash	0.0441	0.0437	0.2689	0.16	7	4c-x86_64-ubuntu24	Welcome to Rakudoâ„˘ v2022.12.
2026-07-12T11:13:56Z	be2320571c93d6a703edd78c1a54084ca8880ff5	bench-startup	0.0089	0.0089	0.1489	0.06	7	4c-x86_64-ubuntu24	Welcome to Rakudoâ„˘ v2022.12.
2026-07-12T11:13:56Z	be2320571c93d6a703edd78c1a54084ca8880ff5	bench-string	0.1005	0.0997	0.2933	0.34	7	4c-x86_64-ubuntu24	Welcome to Rakudoâ„˘ v2022.12.
2026-07-12T11:13:56Z	be2320571c93d6a703edd78c1a54084ca8880ff5	fib	0.1947	0.1928	0.2621	0.74	7	4c-x86_64-ubuntu24	Welcome to Rakudoâ„˘ v2022.12.
2026-07-12T11:13:56Z	be2320571c93d6a703edd78c1a54084ca8880ff5	hash-access	0.0384	0.0383	0.2118	0.18	7	4c-x86_64-ubuntu24	Welcome to Rakudoâ„˘ v2022.12.
2026-07-12T11:13:56Z	be2320571c93d6a703edd78c1a54084ca8880ff5	int-arith	0.1256	0.1246	0.2163	0.58	7	4c-x86_64-ubuntu24	Welcome to Rakudoâ„˘ v2022.12.
2026-07-12T11:13:56Z	be2320571c93d6a703edd78c1a54084ca8880ff5	method-call	0.2476	0.2453	0.2460	1.01	7	4c-x86_64-ubuntu24	Welcome to Rakudoâ„˘ v2022.12.
2026-07-12T11:13:56Z	be2320571c93d6a703edd78c1a54084ca8880ff5	string-concat	0.0262	0.0258	0.1880	0.14	7	4c-x86_64-ubuntu24	Welcome to Rakudoâ„˘ v2022.12.
2026-07-12T12:04:28Z	8a8e423aee6593cdb2550032897b01b9fcfc8398	array-ops	0.1045	0.1021	0.2662	0.39	7	4c-x86_64-ubuntu24	Welcome to Rakudoâ„˘ v2022.12.
2026-07-12T12:04:28Z	8a8e423aee6593cdb2550032897b01b9fcfc8398	bench-array	0.0540	0.0533	0.2860	0.19	7	4c-x86_64-ubuntu24	Welcome to Rakudoâ„˘ v2022.12.
2026-07-12T12:04:28Z	8a8e423aee6593cdb2550032897b01b9fcfc8398	bench-class	0.2879	0.2829	0.2998	0.96	7	4c-x86_64-ubuntu24	Welcome to Rakudoâ„˘ v2022.12.
2026-07-12T12:04:28Z	8a8e423aee6593cdb2550032897b01b9fcfc8398	bench-fib	0.5540	0.5416	0.3093	1.79	7	4c-x86_64-ubuntu24	Welcome to Rakudoâ„˘ v2022.12.
2026-07-12T12:04:28Z	8a8e423aee6593cdb2550032897b01b9fcfc8398	bench-hash	0.0428	0.0418	0.2534	0.17	7	4c-x86_64-ubuntu24	Welcome to Rakudoâ„˘ v2022.12.
2026-07-12T12:04:28Z	8a8e423aee6593cdb2550032897b01b9fcfc8398	bench-startup	0.0078	0.0077	0.1387	0.06	7	4c-x86_64-ubuntu24	Welcome to Rakudoâ„˘ v2022.12.
2026-07-12T12:04:28Z	8a8e423aee6593cdb2550032897b01b9fcfc8398	bench-string	0.0993	0.0980	0.2828	0.35	7	4c-x86_64-ubuntu24	Welcome to Rakudoâ„˘ v2022.12.
2026-07-12T12:04:28Z	8a8e423aee6593cdb2550032897b01b9fcfc8398	fib	0.2119	0.2058	0.2591	0.82	7	4c-x86_64-ubuntu24	Welcome to Rakudoâ„˘ v2022.12.
2026-07-12T12:04:28Z	8a8e423aee6593cdb2550032897b01b9fcfc8398	hash-access	0.0382	0.0375	0.2020	0.19	7	4c-x86_64-ubuntu24	Welcome to Rakudoâ„˘ v2022.12.
2026-07-12T12:04:28Z	8a8e423aee6593cdb2550032897b01b9fcfc8398	int-arith	0.1284	0.1256	0.2053	0.63	7	4c-x86_64-ubuntu24	Welcome to Rakudoâ„˘ v2022.12.
2026-07-12T12:04:28Z	8a8e423aee6593cdb2550032897b01b9fcfc8398	method-call	0.2854	0.2815	0.2390	1.19	7	4c-x86_64-ubuntu24	Welcome to Rakudoâ„˘ v2022.12.
2026-07-12T12:04:28Z	8a8e423aee6593cdb2550032897b01b9fcfc8398	string-concat	0.0255	0.0251	0.1779	0.14	7	4c-x86_64-ubuntu24	Welcome to Rakudoâ„˘ v2022.12.
2026-07-12T12:11:45Z	3abbdabcde7e9a135c1428c4aa8075e1c45b6886	array-ops	0.1141	0.1105	0.2634	0.43	7	4c-x86_64-ubuntu24	Welcome to Rakudoâ„˘ v2022.12.
2026-07-12T12:11:45Z	3abbdabcde7e9a135c1428c4aa8075e1c45b6886	bench-array	0.0601	0.0590	0.2726	0.22	7	4c-x86_64-ubuntu24	Welcome to Rakudoâ„˘ v2022.12.
2026-07-12T12:11:45Z	3abbdabcde7e9a135c1428c4aa8075e1c45b6886	bench-class	0.2745	0.2726	0.2961	0.93	7	4c-x86_64-ubuntu24	Welcome to Rakudoâ„˘ v2022.12.
2026-07-12T12:11:45Z	3abbdabcde7e9a135c1428c4aa8075e1c45b6886	bench-fib	0.6466	0.6453	0.2948	2.19	7	4c-x86_64-ubuntu24	Welcome to Rakudoâ„˘ v2022.12.
2026-07-12T12:11:45Z	3abbdabcde7e9a135c1428c4aa8075e1c45b6886	bench-hash	0.0429	0.0424	0.2574	0.17	7	4c-x86_64-ubuntu24	Welcome to Rakudoâ„˘ v2022.12.
2026-07-12T12:11:45Z	3abbdabcde7e9a135c1428c4aa8075e1c45b6886	bench-startup	0.0070	0.0067	0.1286	0.05	7	4c-x86_64-ubuntu24	Welcome to Rakudoâ„˘ v2022.12.
2026-07-12T12:11:45Z	3abbdabcde7e9a135c1428c4aa8075e1c45b6886	bench-string	0.0953	0.0948	0.2793	0.34	7	4c-x86_64-ubuntu24	Welcome to Rakudoâ„˘ v2022.12.
2026-07-12T12:11:45Z	3abbdabcde7e9a135c1428c4aa8075e1c45b6886	fib	0.2444	0.2410	0.2398	1.02	7	4c-x86_64-ubuntu24	Welcome to Rakudoâ„˘ v2022.12.
2026-07-12T12:11:45Z	3abbdabcde7e9a135c1428c4aa8075e1c45b6886	hash-access	0.0390	0.0387	0.1964	0.20	7	4c-x86_64-ubuntu24	Welcome to Rakudoâ„˘ v2022.12.
2026-07-12T12:11:45Z	3abbdabcde7e9a135c1428c4aa8075e1c45b6886	int-arith	0.1427	0.1389	0.2046	0.70	7	4c-x86_64-ubuntu24	Welcome to Rakudoâ„˘ v2022.12.
2026-07-12T12:11:45Z	3abbdabcde7e9a135c1428c4aa8075e1c45b6886	method-call	0.2697	0.2687	0.2294	1.18	7	4c-x86_64-ubuntu24	Welcome to Rakudoâ„˘ v2022.12.
2026-07-12T12:11:45Z	3abbdabcde7e9a135c1428c4aa8075e1c45b6886	string-concat	0.0235	0.0225	0.1668	0.14	7	4c-x86_64-ubuntu24	Welcome to Rakudoâ„˘ v2022.12.
