date	commit	files	pass	fail	error	panic	timeout	subtests_pass	subtests_total
2026-02-12T22:29	ac4d369	1298	147	1048	88	0	15	99354	148497
2026-02-13T10:21	2df5464	1298	152	1068	62	0	16	99644	150827
2026-02-13T12:02	290f0c6	1298	156	1065	60	0	17	99481	150791
2026-02-13T13:42	8b13809	1298	162	1058	61	0	17	99356	150790
2026-02-13T15:12	96c8d1f	1298	162	1058	60	0	18	99353	150808
2026-02-13T15:58	15163ac	1298	165	1050	65	0	18	99100	149868
2026-02-13T23:21	2fce2be	1298	167	1048	65	0	18	99102	149868
2026-02-13T23:21	2fce2be	1298	166	1047	58	8	19	99491	149865
2026-02-14T08:49	2ee5aa0	1298	168	1049	58	8	15	99617	150092
2026-02-14T08:58	51628f8	1298	167	1051	58	8	14	99640	150110
2026-02-14T09:06	2601b8e	1298	168	1053	58	5	14	99759	150436
2026-02-15T16:13	ce6e822	1298	78	1107	110	1	2	11018	137389
2026-02-15T16:13	ce6e822	1298	78	1107	110	1	2	11017	137389
2026-02-15T16:39	6310458	1298	83	1102	110	1	2	10815	137389
2026-02-15T16:50	bc76809	1298	136	1049	110	1	2	95134	137389
2026-02-15T16:51	33d1c67	1298	136	1049	110	1	2	95134	137389
2026-02-15T18:08	7f2bdce	1298	138	1081	77	1	1	95168	140106
2026-02-15T19:21	9c56ef2	1298	139	1091	64	3	1	95288	143394
2026-02-15T19:36	8468c68	1298	139	1094	64	0	1	95334	143767
2026-02-15T20:04	84b4cd9	1298	140	1099	59	0	0	95465	144078
2026-02-15T20:37	b31a0ca	1298	144	1101	52	1	0	95790	146295
2026-02-15T21:33	b7dd2a6	1298	145	1101	52	0	0	95859	146399
2026-02-15T21:50	66e6add	1298	146	1100	52	0	0	95874	146399
2026-02-15T22:40	75d7f71	1298	146	1100	52	0	0	95912	146399
2026-02-16T07:58	e1580fe	1298	150	1095	53	0	0	95952	146413
2026-02-16T16:41	ea21d5f	1298	150	1095	53	0	0	95953	146413
2026-02-17T10:01	7b43547	1298	107	210	977	4	0	86083	93966
2026-02-17T11:46	f00ddc7	1298	107	210	977	4	0	86083	93966
2026-02-17T11:54	41bef64	1298	110	221	961	6	0	86282	94306
2026-02-17T13:58	ad82c4c	1298	121	208	963	6	0	86739	94290
2026-02-17T18:34	c4e7488	1298	151	338	799	9	1	87284	97079
2026-02-17T18:42	3742c59	1298	151	338	799	9	1	87284	97079
2026-02-17T18:51	6b49c96	1298	151	341	796	9	1	87324	97253
2026-02-17T18:51	6b49c96	1298	153	338	796	9	2	87340	97243
2026-02-17T18:51	6b49c96	1298	156	333	798	9	2	87344	97228
2026-02-17T19:30	b3eee59	1298	156	333	798	9	2	87345	97228
2026-02-17T19:35	2d7e05b	1298	157	338	798	3	2	87379	97272
2026-02-17T19:35	2d7e05b	1298	157	338	798	3	2	87379	97272
2026-02-17T19:56	6b8aa83	1298	107	390	796	3	2	4453	97306
2026-02-17T20:22	e149b4a	1298	107	395	793	1	2	4489	97473
2026-02-17T20:24	d00e8a6	1298	107	395	793	1	2	4494	97473
2026-02-17T20:30	050cb30	1298	107	395	793	1	2	4496	97473
2026-02-17T20:32	0f103a7	1298	160	342	793	1	2	90850	97473
2026-02-17T20:52	f2a7533	1298	160	344	793	0	1	90973	98093
2026-02-17T21:07	e9e0094	1298	160	349	788	0	1	91052	98424
2026-02-17T21:13	481d33e	1298	160	349	788	0	1	91056	98424
2026-02-17T21:15	dcbd5dc	1298	162	347	788	0	1	91087	98424
2026-02-17T21:46	b36b8b4	1298	163	346	788	0	1	91158	98424
2026-02-17T22:04	c130bc6	1298	164	346	787	0	1	91214	98478
2026-02-17T23:37	7e79007	1298	166	344	787	0	1	91454	98478
2026-02-17T23:54	69e094c	1298	168	342	787	0	1	91456	98478
2026-02-18T08:29	b659480	1298	168	346	783	0	1	91457	98515
2026-02-18T09:29	1598d9c	1298	170	344	783	0	1	91482	98515
2026-02-18T09:34	bf41040	1298	171	343	783	0	1	91484	98515
2026-02-18T11:25	338018e	1298	172	338	787	0	1	91520	101108
2026-02-18T12:47	e7cd4e9	1298	173	335	789	0	1	91546	101149
2026-02-18T13:12	303a24d	1298	173	335	789	0	1	91547	101149
2026-02-18T15:18	7393259	1298	175	349	773	0	1	92104	101477
2026-02-18T17:10	f208538	1298	175	350	772	0	1	92118	101498
2026-02-18T19:02	fda4a85	1298	175	358	764	0	1	92126	101597
2026-02-18T20:40	ebd3429	1298	177	356	764	0	1	92132	101597
2026-02-18T21:30	fd45b19	1298	177	357	763	0	1	92144	101611
2026-02-18T22:30	4ab53a2	1298	179	369	749	0	1	92168	101903
2026-02-19T00:58	266d86c	1298	180	378	739	0	1	94808	104746
2026-02-19T07:55	3ca0bee	1298	181	381	736	0	0	94848	104862
2026-02-19T11:36	5299521	1298	182	380	736	0	0	94866	104862
2026-02-19T17:32	4e76e2b	1298	185	378	732	0	3	94306	104386
2026-02-19T21:04	a1a077c	1298	189	377	732	0	0	94979	105019
2026-02-19T21:34	eebcca6	1298	189	377	732	0	0	94979	105019
2026-02-19T21:50	5d3f57f	1298	190	378	730	0	0	94982	105027
2026-02-19T22:01	983edf5	1298	191	378	729	0	0	94987	105032
2026-02-19T22:47	8529db8	1298	192	379	727	0	0	94991	105044
2026-02-20T07:07	4d58150	1298	194	381	723	0	0	95004	105073
2026-02-20T12:24	76bc8d0	1298	199	385	714	0	0	95052	105174
2026-02-20T20:29	c3a87c5	1298	204	374	720	0	0	95110	105081
2026-02-20T20:50	ccffb2f	1298	204	374	720	0	0	95115	105081
2026-02-20T21:00	3423686	1298	204	374	720	0	0	95181	105081
2026-02-20T21:20	2091d96	1298	204	374	720	0	0	95181	105081
2026-02-20T21:20	2091d96	1298	204	374	720	0	0	95186	105081
2026-02-20T21:20	2091d96	1298	204	374	720	0	0	95185	105081
2026-02-20T21:20	2091d96	1298	205	373	720	0	0	95186	105081
2026-02-20T22:19	b179b1b	1298	206	373	719	0	0	95193	105087
2026-02-21T00:36	a341fe2	1298	209	389	700	0	0	95166	105346
2026-02-21T07:30	d88e4d0	1298	210	391	697	0	0	95201	105436
2026-02-21T07:30	d88e4d0	1298	211	391	696	0	0	95208	105440
2026-02-21T09:20	bde86a0	1298	213	394	689	0	2	95229	105611
2026-02-21T10:03	f062aea	1298	212	392	693	0	1	95271	105563
2026-02-21T11:07	711d440	1298	217	389	692	0	0	95285	105576
2026-02-21T12:50	bd1d8ee	1298	218	396	684	0	0	95358	105738
2026-02-21T13:26	081d669	1298	218	396	684	0	0	95367	105738
2026-02-21T13:57	845e30c	1298	220	396	682	0	0	95378	105749
2026-02-21T23:34	afed271	1298	223	452	622	0	1	95733	107545
2026-02-22T07:58	58036c1	1298	228	504	566	0	0	96142	108883
2026-02-22T15:50	4f05a6e	1298	230	514	554	0	0	96240	109200
2026-02-22T17:57	ab15e9a	1298	231	515	552	0	0	98093	111057
2026-02-22T20:00	8696873	1298	224	521	553	0	0	98369	111318
2026-02-22T21:00	e94daf5	1298	225	521	552	0	0	98616	111566
2026-02-22T21:56	6b1877a	1298	235	522	541	0	0	100031	112988
2026-02-22T22:25	aada3a2	1298	236	522	540	0	0	100146	113103
2026-02-22T22:36	0064a56	1298	237	521	540	0	0	100147	113103
2026-02-23T01:16	a8318f9	1298	236	522	540	0	0	100144	113103
2026-02-23T07:43	64d99e6	1298	238	519	541	0	0	100142	113134
2026-02-23T14:34	994bdce	1298	238	519	541	0	0	100142	113134
2026-02-23T14:47	e0787f3	1298	239	518	541	0	0	100146	113134
2026-02-23T17:18	e943109	1298	249	509	539	0	1	100225	113161
2026-02-23T18:15	c4812a4	1298	256	503	538	0	1	100313	113174
2026-02-24T00:03	47d31b3	1298	272	486	539	0	1	100377	113144
2026-02-24T10:03	57b4a1f	1298	286	478	532	0	2	100732	113502
2026-02-24T11:24	87f83b6	1298	294	471	532	0	1	100901	113626
2026-02-24T12:17	7b63b93	1298	296	469	532	0	1	100916	113626
2026-02-24T14:59	090ec3e	1298	295	469	532	0	2	100793	113502
2026-02-24T21:16	ccf3ee6	1298	344	480	472	0	2	101756	117124
2026-02-24T21:52	a02b9b4	1298	348	478	470	0	2	101797	117160
2026-02-24T22:38	07b7e53	1298	351	488	457	0	2	102054	117600
2026-02-24T23:27	ef74bca	1298	356	489	451	0	2	102140	117663
2026-02-24T23:51	860a193	1298	356	490	450	0	2	102191	117717
2026-02-25T07:00	40b9e6b	1298	360	487	449	0	2	102235	117715
2026-02-25T07:57	38dfd2a	1298	369	496	432	0	1	102458	118191
2026-02-25T10:22	e59eb12	1298	385	504	407	0	2	102496	118527
2026-02-25T10:36	aa5083f	1298	386	504	406	0	2	102522	118546
2026-02-25T10:48	e7cb888	1298	0	0	1298	0	0	0	0
2026-02-25T11:40	0fde868	1298	391	523	382	0	2	102633	120495
2026-02-25T12:22	05d92fa	1298	394	526	376	0	2	102744	120883
2026-02-25T13:17	6f480fc	1298	397	529	370	0	2	102740	121073
2026-02-25T13:32	6d959a8	1298	398	529	369	0	2	102742	121076
2026-02-25T13:58	e09481a	1298	399	528	369	0	2	102760	121076
2026-02-25T14:23	067c2c0	1298	401	535	360	0	2	102979	121675
2026-02-25T15:14	8653c89	1298	404	535	357	0	2	102962	121795
2026-02-25T15:14	e931403	1298	404	533	360	0	1	103172	121801
