date	mutsu_commit	raku_version	dists	measured	blocked_dep	baseline_files	parity_files	file_parity	assertion_parity	dist_parity
2026-09-11	1557d41	2026.07	1624	1581	43	3072	1648	53.6	62.4	41.2
2026-09-11	7807eb5	2026.07	1625	1582	43	3225	1723	53.4	63.1	41.1
2026-09-12	36527ea	2026.07	1625	1582	43	3476	1861	53.5	64.5	43.6
2026-09-13	2d8228e	2026.07	1626	1583	43	3727	2050	55.0	66.7	43.6
2026-09-14	eba9d2a	2026.07	1630	1587	43	3734	2088	55.9	67.1	44.6
2026-09-15	d0afe15	2026.07	1630	1587	43	3765	2163	57.5	67.3	45.6
2026-09-16	a6103b2	2026.07	1630	1615	15	3890	2281	58.6	67.9	49.6
2026-09-17	bfbdeae	2026.07	1630	1618	12	3931	2352	59.8	68.2	51.3
2026-09-18	44c2987	2026.07	1631	1624	7	3935	2382	60.5	68.4	52.1
